,estimated_capacity_mw,capacity_factor,annual_generation_pj,fuel_type,real_world_generation_gwh
E01,143324.48630136988,0.6,2711.9286,Coal,753313.5
E21,398758.904109589,0.5,6287.6304,Natural Gas,1746564.0
E31,98072.6788432268,0.9,2783.538,Nuclear,773205.0
E51,184969.1780821918,0.4,2333.2752,Hydro,648132.0
E70,139503.91389432485,0.35,1539.7884000000001,Wind,427719.0
SRE,101372.37442922375,0.25,799.2198000000001,Solar,222005.5
